County Code,County,LineCode,Description,2010,2011,2012,2013,2014,2015,2016,2017,2018,2019,2020,2021,2022,2023,2024
06000,California,1.0,Personal income (dollars),1609997470000.0,1713428004000.0,1814763034000.0,1840885251000.0,1955718006000.0,2097049575000.0,2191138011000.0,2295048653000.0,2411055136000.0,2539747399000.0,2770488779000.0,3019215724000.0,3021645501000.0,3182779295000.0,3400237317000.0
06000,California,2.0,Population (persons),37322523.0,37651212.0,37971412.0,38292557.0,38637421.0,38966939.0,39223789.0,39424315.0,39535920.0,39547995.0,39521958.0,39142565.0,39142414.0,39198693.0,39431263.0
06000,California,3.0,Per capita personal income (dollars),43137.0,45508.0,47793.0,48074.0,50617.0,53816.0,55862.0,58214.0,60984.0,64219.0,70100.0,77134.0,77196.0,81196.0,86232.0
06001,"Alameda, CA",1.0,Personal income (dollars),72075011000.0,77301332000.0,81435436000.0,85777177000.0,92038123000.0,101231136000.0,108327158000.0,115789437000.0,124671796000.0,134683858000.0,148199107000.0,162177784000.0,163748943000.0,171119975000.0,183486862000.0
06001,"Alameda, CA",2.0,Population (persons),1513413.0,1532981.0,1557493.0,1584943.0,1614744.0,1643103.0,1661218.0,1671949.0,1680392.0,1683879.0,1680614.0,1643856.0,1635693.0,1638142.0,1649060.0
06001,"Alameda, CA",3.0,Per capita personal income (dollars),47624.0,50425.0,52286.0,54120.0,56999.0,61610.0,65209.0,69254.0,74192.0,79984.0,88182.0,98657.0,100110.0,104460.0,111268.0
06003,"Alpine, CA",1.0,Personal income (dollars),48691000.0,59552000.0,63498000.0,63059000.0,68364000.0,71467000.0,77273000.0,80393000.0,85025000.0,93899000.0,89328000.0,89807000.0,81025000.0,88360000.0,96872000.0
06003,"Alpine, CA",2.0,Population (persons),1164.0,1105.0,1132.0,1160.0,1122.0,1128.0,1110.0,1183.0,1157.0,1198.0,1179.0,1203.0,1169.0,1126.0,1099.0
06003,"Alpine, CA",3.0,Per capita personal income (dollars),41831.0,53893.0,56094.0,54361.0,60930.0,63357.0,69615.0,67957.0,73487.0,78380.0,75766.0,74653.0,69311.0,78472.0,88146.0
06005,"Amador, CA",1.0,Personal income (dollars),1300768000.0,1309908000.0,1325416000.0,1336888000.0,1399961000.0,1481210000.0,1519574000.0,1602167000.0,1660611000.0,1759900000.0,1920057000.0,2063918000.0,2000871000.0,2116519000.0,2256906000.0
06005,"Amador, CA",2.0,Population (persons),37893.0,37593.0,37201.0,36763.0,36916.0,37263.0,37711.0,38859.0,39702.0,40089.0,40584.0,41245.0,41486.0,41798.0,42026.0
06005,"Amador, CA",3.0,Per capita personal income (dollars),34327.0,34844.0,35629.0,36365.0,37923.0,39750.0,40295.0,41230.0,41827.0,43900.0,47311.0,50040.0,48230.0,50637.0,53703.0
06007,"Butte, CA",1.0,Personal income (dollars),7254896000.0,7394936000.0,7606689000.0,7807319000.0,8138129000.0,8782120000.0,9126674000.0,9423550000.0,9718118000.0,9925301000.0,10793250000.0,11566169000.0,11255350000.0,11828606000.0,12748115000.0
06007,"Butte, CA",2.0,Population (persons),219883.0,219639.0,220257.0,220755.0,222355.0,223198.0,224502.0,226704.0,228059.0,216181.0,210222.0,206351.0,207384.0,207354.0,208334.0
06007,"Butte, CA",3.0,Per capita personal income (dollars),32994.0,33669.0,34536.0,35366.0,36600.0,39347.0,40653.0,41568.0,42612.0,45912.0,51342.0,56051.0,54273.0,57045.0,61191.0
06009,"Calaveras, CA",1.0,Personal income (dollars),1669670000.0,1689688000.0,1668101000.0,1673573000.0,1759276000.0,1897268000.0,1967729000.0,2060809000.0,2126248000.0,2265563000.0,2454936000.0,2624840000.0,2611368000.0,2749333000.0,2978686000.0
06009,"Calaveras, CA",2.0,Population (persons),45442.0,45033.0,44588.0,44328.0,44246.0,44440.0,44674.0,44923.0,44911.0,45181.0,45350.0,46262.0,46544.0,46580.0,46505.0
06009,"Calaveras, CA",3.0,Per capita personal income (dollars),36743.0,37521.0,37411.0,37754.0,39761.0,42693.0,44046.0,45874.0,47344.0,50144.0,54133.0,56739.0,56105.0,59024.0,64051.0
06011,"Colusa, CA",1.0,Personal income (dollars),863987000.0,860642000.0,782405000.0,842509000.0,741237000.0,838573000.0,891925000.0,896350000.0,986398000.0,971525000.0,1232273000.0,1306611000.0,1264194000.0,1354203000.0,1360993000.0
06011,"Colusa, CA",2.0,Population (persons),21442.0,21350.0,21338.0,21331.0,21276.0,21356.0,21653.0,21762.0,21622.0,21735.0,21868.0,21931.0,21952.0,22093.0,22074.0
06011,"Colusa, CA",3.0,Per capita personal income (dollars),40294.0,40311.0,36667.0,39497.0,34839.0,39266.0,41192.0,41189.0,45620.0,44699.0,56351.0,59578.0,57589.0,61296.0,61656.0
06013,"Contra Costa, CA",1.0,Personal income (dollars),56462776000.0,61049539000.0,65948405000.0,66250960000.0,69479371000.0,75811060000.0,80449066000.0,86335914000.0,91160536000.0,93567981000.0,102439116000.0,110305857000.0,112103932000.0,118755806000.0,126945239000.0
06013,"Contra Costa, CA",2.0,Population (persons),1052827.0,1066922.0,1080252.0,1097315.0,1113976.0,1130708.0,1145072.0,1154685.0,1161151.0,1164443.0,1166165.0,1163813.0,1160296.0,1162179.0,1172607.0
06013,"Contra Costa, CA",3.0,Per capita personal income (dollars),53630.0,57220.0,61049.0,60376.0,62371.0,67047.0,70257.0,74770.0,78509.0,80354.0,87843.0,94780.0,96617.0,102184.0,108259.0
06015,"Del Norte, CA",1.0,Personal income (dollars),781326000.0,801110000.0,804556000.0,819593000.0,852254000.0,895103000.0,929522000.0,934261000.0,967786000.0,1011444000.0,1145076000.0,1232056000.0,1202924000.0,1246696000.0,1354335000.0
06015,"Del Norte, CA",2.0,Population (persons),28562.0,28418.0,28144.0,27747.0,27085.0,27078.0,27272.0,27217.0,27604.0,27691.0,27616.0,27581.0,26758.0,26571.0,27009.0
06015,"Del Norte, CA",3.0,Per capita personal income (dollars),27355.0,28190.0,28587.0,29538.0,31466.0,33056.0,34083.0,34326.0,35060.0,36526.0,41464.0,44670.0,44956.0,46919.0,50144.0
06017,"El Dorado, CA",1.0,Personal income (dollars),8735037000.0,9102802000.0,9446675000.0,9741664000.0,10253863000.0,10805487000.0,11479612000.0,11874184000.0,12509360000.0,13204691000.0,14155885000.0,15400735000.0,15443750000.0,16328505000.0,17268166000.0
06017,"El Dorado, CA",2.0,Population (persons),181113.0,180727.0,180188.0,180915.0,182354.0,183635.0,184846.0,187423.0,189366.0,191309.0,191250.0,193724.0,193071.0,192440.0,192823.0
06017,"El Dorado, CA",3.0,Per capita personal income (dollars),48230.0,50368.0,52427.0,53847.0,56231.0,58842.0,62104.0,63355.0,66059.0,69023.0,74018.0,79498.0,79990.0,84850.0,89554.0
06019,"Fresno, CA",1.0,Personal income (dollars),29066562000.0,30713635000.0,31502991000.0,32824378000.0,35044607000.0,37251040000.0,38323050000.0,39208890000.0,40504743000.0,42845932000.0,48784407000.0,52726887000.0,51990282000.0,54448091000.0,58972823000.0
06019,"Fresno, CA",2.0,Population (persons),932202.0,940206.0,946501.0,953630.0,963323.0,972906.0,981015.0,990274.0,997611.0,1004925.0,1009613.0,1012879.0,1017107.0,1019899.0,1024125.0
06019,"Fresno, CA",3.0,Per capita personal income (dollars),31181.0,32667.0,33284.0,34420.0,36379.0,38288.0,39065.0,39594.0,40602.0,42636.0,48320.0,52056.0,51116.0,53386.0,57584.0
06021,"Glenn, CA",1.0,Personal income (dollars),903645000.0,960396000.0,977473000.0,1060368000.0,1022151000.0,1090813000.0,1129760000.0,1143898000.0,1206997000.0,1249518000.0,1435156000.0,1505763000.0,1477598000.0,1552265000.0,1650270000.0
06021,"Glenn, CA",2.0,Population (persons),28139.0,28203.0,27966.0,27971.0,28047.0,28025.0,28156.0,28294.0,28374.0,28977.0,28889.0,28714.0,28371.0,28190.0,28304.0
06021,"Glenn, CA",3.0,Per capita personal income (dollars),32114.0,34053.0,34952.0,37910.0,36444.0,38923.0,40125.0,40429.0,42539.0,43121.0,49678.0,52440.0,52081.0,55064.0,58305.0
06023,"Humboldt, CA",1.0,Personal income (dollars),4792688000.0,4860509000.0,4880568000.0,4954797000.0,5177816000.0,5515128000.0,5709430000.0,5894662000.0,6029582000.0,6266157000.0,6835069000.0,7297188000.0,7272378000.0,7526646000.0,8211600000.0
06023,"Humboldt, CA",2.0,Population (persons),135039.0,135405.0,134864.0,134832.0,135060.0,135800.0,137219.0,137570.0,137481.0,136936.0,136324.0,134978.0,135013.0,134009.0,132380.0
06023,"Humboldt, CA",3.0,Per capita personal income (dollars),35491.0,35896.0,36189.0,36748.0,38337.0,40612.0,41608.0,42848.0,43858.0,45760.0,50138.0,54062.0,53864.0,56165.0,62031.0
06025,"Imperial, CA",1.0,Personal income (dollars),5087461000.0,5484146000.0,5541036000.0,5743731000.0,5990271000.0,6439648000.0,6323414000.0,6428926000.0,6353010000.0,6768896000.0,8348474000.0,8705994000.0,8345166000.0,8712870000.0,9470869000.0
06025,"Imperial, CA",2.0,Population (persons),174685.0,175635.0,176314.0,176052.0,177459.0,178297.0,179400.0,180693.0,180428.0,179727.0,179730.0,179206.0,179767.0,180585.0,181724.0
06025,"Imperial, CA",3.0,Per capita personal income (dollars),29124.0,31225.0,31427.0,32625.0,33756.0,36118.0,35248.0,35579.0,35211.0,37662.0,46450.0,48581.0,46422.0,48248.0,52117.0
06027,"Inyo, CA",1.0,Personal income (dollars),786335000.0,807016000.0,840983000.0,854034000.0,907544000.0,947306000.0,1011375000.0,1041240000.0,1024203000.0,1089054000.0,1135777000.0,1158004000.0,1124081000.0,1257334000.0,1345078000.0
06027,"Inyo, CA",2.0,Population (persons),18527.0,18505.0,18560.0,18659.0,18688.0,18601.0,18497.0,18515.0,18685.0,18881.0,18999.0,18920.0,18745.0,18548.0,18485.0
06027,"Inyo, CA",3.0,Per capita personal income (dollars),42443.0,43611.0,45312.0,45771.0,48563.0,50928.0,54678.0,56238.0,54814.0,57680.0,59781.0,61205.0,59967.0,67788.0,72766.0
06029,"Kern, CA",1.0,Personal income (dollars),25809681000.0,27307412000.0,28877595000.0,29679549000.0,31577551000.0,32173940000.0,32048150000.0,32666174000.0,33813117000.0,35612628000.0,40423694000.0,42880516000.0,41543441000.0,43497072000.0,46717492000.0
06029,"Kern, CA",2.0,Population (persons),841561.0,849631.0,856159.0,865279.0,873174.0,880669.0,886002.0,893009.0,900095.0,906160.0,906124.0,912782.0,917293.0,916646.0,922529.0
06029,"Kern, CA",3.0,Per capita personal income (dollars),30669.0,32140.0,33729.0,34301.0,36164.0,36534.0,36172.0,36580.0,37566.0,39301.0,44612.0,46978.0,45289.0,47452.0,50641.0
06031,"Kings, CA",1.0,Personal income (dollars),4013295000.0,4447898000.0,4318502000.0,4452325000.0,4899529000.0,4906911000.0,5097044000.0,5290349000.0,5296250000.0,5554037000.0,6340628000.0,6709291000.0,6613040000.0,6796223000.0,7392211000.0
06031,"Kings, CA",2.0,Population (persons),152335.0,151740.0,150814.0,150135.0,149239.0,149795.0,149073.0,149314.0,150962.0,152437.0,152797.0,152724.0,152776.0,153281.0,154913.0
06031,"Kings, CA",3.0,Per capita personal income (dollars),26345.0,29313.0,28635.0,29655.0,32830.0,32758.0,34192.0,35431.0,35083.0,36435.0,41497.0,43931.0,43286.0,44338.0,47718.0
06033,"Lake, CA",1.0,Personal income (dollars),2014781000.0,2034252000.0,2072300000.0,2119199000.0,2241684000.0,2366677000.0,2422965000.0,2547917000.0,2625869000.0,2726268000.0,2998383000.0,3224235000.0,3123439000.0,3282773000.0,3564760000.0
06033,"Lake, CA",2.0,Population (persons),64827.0,64713.0,64785.0,64994.0,65602.0,66176.0,66187.0,66770.0,67396.0,67829.0,68200.0,68623.0,68239.0,67934.0,67764.0
06033,"Lake, CA",3.0,Per capita personal income (dollars),31079.0,31435.0,31987.0,32606.0,34171.0,35763.0,36608.0,38160.0,38962.0,40193.0,43965.0,46985.0,45772.0,48323.0,52606.0
06035,"Lassen, CA",1.0,Personal income (dollars),962390000.0,976210000.0,962323000.0,940872000.0,967576000.0,1015521000.0,1046637000.0,1056481000.0,1072008000.0,1084294000.0,1228249000.0,1301988000.0,1248927000.0,1261957000.0,1383512000.0
06035,"Lassen, CA",2.0,Population (persons),34891.0,34552.0,34193.0,32953.0,32744.0,32589.0,32302.0,32760.0,32753.0,33043.0,32319.0,31884.0,30401.0,28838.0,28340.0
06035,"Lassen, CA",3.0,Per capita personal income (dollars),27583.0,28253.0,28144.0,28552.0,29550.0,31161.0,32402.0,32249.0,32730.0,32815.0,38004.0,40835.0,41082.0,43760.0,48818.0
06037,"Los Angeles, CA",1.0,Personal income (dollars),420356279000.0,448886977000.0,477907190000.0,475453288000.0,503099674000.0,535960148000.0,554158129000.0,573348398000.0,595765931000.0,629245755000.0,678659849000.0,721712800000.0,728349845000.0,766331882000.0,818509319000.0
06037,"Los Angeles, CA",2.0,Population (persons),9822769.0,9879322.0,9941529.0,10001824.0,10052585.0,10100900.0,10123015.0,10125014.0,10098683.0,10053252.0,9996634.0,9809239.0,9748447.0,9731837.0,9757179.0
06037,"Los Angeles, CA",3.0,Per capita personal income (dollars),42794.0,45437.0,48072.0,47537.0,50047.0,53061.0,54742.0,56627.0,58994.0,62591.0,67889.0,73575.0,74714.0,78745.0,83888.0
06039,"Madera, CA",1.0,Personal income (dollars),4245578000.0,4446463000.0,4674829000.0,4840670000.0,5167474000.0,5246433000.0,5497117000.0,5687523000.0,5815299000.0,6074666000.0,6896835000.0,7624891000.0,7371293000.0,7691441000.0,8474319000.0
06039,"Madera, CA",2.0,Population (persons),150972.0,151517.0,151216.0,150857.0,152783.0,152739.0,152851.0,154100.0,155260.0,155469.0,156434.0,159019.0,160414.0,163402.0,165432.0
06039,"Madera, CA",3.0,Per capita personal income (dollars),28122.0,29346.0,30915.0,32088.0,33822.0,34349.0,35964.0,36908.0,37455.0,39073.0,44088.0,47950.0,45952.0,47071.0,51225.0
06041,"Marin, CA",1.0,Personal income (dollars),21062194000.0,22828237000.0,24416303000.0,24806255000.0,26755509000.0,28764641000.0,29825203000.0,31324429000.0,33770671000.0,35941360000.0,38007035000.0,42948119000.0,43330639000.0,46196076000.0,48944339000.0
06041,"Marin, CA",2.0,Population (persons),253015.0,255926.0,257071.0,259862.0,262261.0,263269.0,263455.0,263145.0,263698.0,263129.0,261341.0,259254.0,257143.0,255706.0,256400.0
06041,"Marin, CA",3.0,Per capita personal income (dollars),83245.0,89199.0,94979.0,95459.0,102019.0,109260.0,113208.0,119039.0,128066.0,136592.0,145431.0,165660.0,168508.0,180661.0,190891.0
06043,"Mariposa, CA",1.0,Personal income (dollars),663308000.0,668438000.0,674319000.0,683099000.0,723456000.0,770497000.0,819746000.0,855857000.0,884466000.0,919521000.0,980104000.0,1036750000.0,1047585000.0,1118071000.0,1207938000.0
06043,"Mariposa, CA",2.0,Population (persons),18301.0,18193.0,17901.0,17825.0,17725.0,17628.0,17468.0,17426.0,17322.0,17073.0,17133.0,17136.0,17095.0,16996.0,17048.0
06043,"Mariposa, CA",3.0,Per capita personal income (dollars),36244.0,36741.0,37669.0,38323.0,40816.0,43709.0,46928.0,49114.0,51060.0,53858.0,57206.0,60501.0,61280.0,65784.0,70855.0
06045,"Mendocino, CA",1.0,Personal income (dollars),3328567000.0,3312742000.0,3295336000.0,3361037000.0,3583511000.0,3745679000.0,3847743000.0,4000436000.0,4155689000.0,4314307000.0,4782184000.0,5158878000.0,4996532000.0,5172576000.0,5567917000.0
06045,"Mendocino, CA",2.0,Population (persons),87926.0,87989.0,88471.0,88772.0,89473.0,89880.0,90592.0,91487.0,91870.0,91775.0,91362.0,91303.0,90027.0,89354.0,89175.0
06045,"Mendocino, CA",3.0,Per capita personal income (dollars),37856.0,37650.0,37248.0,37861.0,40051.0,41674.0,42473.0,43727.0,45234.0,47010.0,52343.0,56503.0,55500.0,57889.0,62438.0
06047,"Merced, CA",1.0,Personal income (dollars),7185521000.0,7738146000.0,7902641000.0,8269597000.0,9079656000.0,9400054000.0,9575058000.0,9919653000.0,10148451000.0,10728033000.0,12456741000.0,13654549000.0,13543535000.0,13776747000.0,15278285000.0
06047,"Merced, CA",2.0,Population (persons),256765.0,259532.0,261286.0,262625.0,265204.0,267322.0,268786.0,272480.0,275602.0,279209.0,282963.0,284834.0,292034.0,294402.0,296774.0
06047,"Merced, CA",3.0,Per capita personal income (dollars),27985.0,29816.0,30245.0,31488.0,34236.0,35164.0,35623.0,36405.0,36823.0,38423.0,44023.0,47939.0,46377.0,46796.0,51481.0
06049,"Modoc, CA",1.0,Personal income (dollars),340213000.0,345372000.0,338857000.0,343230000.0,367448000.0,382445000.0,383518000.0,380517000.0,381904000.0,407960000.0,470393000.0,483931000.0,511854000.0,519789000.0,580383000.0
06049,"Modoc, CA",2.0,Population (persons),9696.0,9501.0,9336.0,9123.0,9037.0,9015.0,8898.0,8795.0,8738.0,8778.0,8677.0,8640.0,8625.0,8566.0,8491.0
06049,"Modoc, CA",3.0,Per capita personal income (dollars),35088.0,36351.0,36296.0,37622.0,40660.0,42423.0,43102.0,43265.0,43706.0,46475.0,54211.0,56011.0,59345.0,60680.0,68353.0
06051,"Mono, CA",1.0,Personal income (dollars),576424000.0,586890000.0,565771000.0,561458000.0,579553000.0,590257000.0,608931000.0,683435000.0,663504000.0,727151000.0,800644000.0,842765000.0,867358000.0,916969000.0,974797000.0
06051,"Mono, CA",2.0,Population (persons),14223.0,14260.0,14033.0,13638.0,13573.0,13386.0,13436.0,13382.0,13318.0,13237.0,13225.0,13263.0,13055.0,13207.0,12991.0
06051,"Mono, CA",3.0,Per capita personal income (dollars),40528.0,41156.0,40317.0,41169.0,42699.0,44095.0,45321.0,51071.0,49820.0,54933.0,60540.0,63543.0,66439.0,69431.0,75036.0
06053,"Monterey, CA",1.0,Personal income (dollars),17079631000.0,17462059000.0,18256300000.0,19005460000.0,19989436000.0,21593394000.0,22267892000.0,22772964000.0,23001148000.0,24504951000.0,26807865000.0,28527642000.0,28634611000.0,30339685000.0,32358723000.0
06053,"Monterey, CA",2.0,Population (persons),416536.0,421275.0,425838.0,428497.0,431037.0,433948.0,437926.0,439011.0,439285.0,440023.0,440506.0,439245.0,436427.0,435637.0,436251.0
06053,"Monterey, CA",3.0,Per capita personal income (dollars),41004.0,41450.0,42871.0,44354.0,46375.0,49760.0,50849.0,51873.0,52360.0,55690.0,60857.0,64947.0,65611.0,69644.0,74175.0
06055,"Napa, CA",1.0,Personal income (dollars),6390918000.0,6644810000.0,7334742000.0,7603966000.0,8212768000.0,8890655000.0,9415486000.0,9595776000.0,9657020000.0,10194797000.0,11412522000.0,11911814000.0,11999926000.0,12830374000.0,13673170000.0
06055,"Napa, CA",2.0,Population (persons),136790.0,137859.0,138847.0,140017.0,140979.0,141566.0,141730.0,140922.0,139877.0,139087.0,137465.0,136219.0,134492.0,133444.0,132727.0
06055,"Napa, CA",3.0,Per capita personal income (dollars),46721.0,48200.0,52826.0,54307.0,58255.0,62802.0,66433.0,68093.0,69039.0,73298.0,83021.0,87446.0,89224.0,96148.0,103017.0
06057,"Nevada, CA",1.0,Personal income (dollars),4512796000.0,4674817000.0,4806974000.0,4858103000.0,5119284000.0,5313879000.0,5565078000.0,5669101000.0,5821249000.0,6165852000.0,6654991000.0,7309781000.0,7333900000.0,7781463000.0,8210982000.0
06057,"Nevada, CA",2.0,Population (persons),98858.0,99036.0,98741.0,98801.0,99692.0,100060.0,100539.0,101277.0,101583.0,102016.0,102267.0,103499.0,102356.0,102086.0,102195.0
06057,"Nevada, CA",3.0,Per capita personal income (dollars),45649.0,47203.0,48683.0,49171.0,51351.0,53107.0,55352.0,55976.0,57305.0,60440.0,65075.0,70627.0,71651.0,76225.0,80346.0
06059,"Orange, CA",1.0,Personal income (dollars),146752367000.0,156467073000.0,167428549000.0,166542339000.0,173769675000.0,187042532000.0,194223700000.0,202337241000.0,210648610000.0,221785219000.0,239226060000.0,258628044000.0,267134967000.0,282269399000.0,298128817000.0
06059,"Orange, CA",2.0,Population (persons),3016780.0,3052224.0,3082360.0,3110533.0,3133414.0,3157464.0,3174414.0,3185916.0,3188957.0,3185850.0,3186261.0,3159351.0,3158489.0,3154563.0,3170435.0
06059,"Orange, CA",3.0,Per capita personal income (dollars),48645.0,51263.0,54318.0,53541.0,55457.0,59238.0,61184.0,63510.0,66056.0,69616.0,75080.0,81861.0,84577.0,89480.0,94034.0
06061,"Placer, CA",1.0,Personal income (dollars),16691044000.0,17691189000.0,18866670000.0,19386534000.0,20439566000.0,21893973000.0,23059644000.0,24314724000.0,25586686000.0,27150590000.0,29725079000.0,32886037000.0,33705721000.0,35628496000.0,38068254000.0
06061,"Placer, CA",2.0,Population (persons),350070.0,356636.0,360834.0,366232.0,370308.0,374188.0,380615.0,387169.0,394807.0,401241.0,405951.0,412968.0,418439.0,424599.0,433822.0
06061,"Placer, CA",3.0,Per capita personal income (dollars),47679.0,49606.0,52286.0,52935.0,55196.0,58511.0,60585.0,62801.0,64808.0,67667.0,73223.0,79633.0,80551.0,83911.0,87751.0
06063,"Plumas, CA",1.0,Personal income (dollars),785609000.0,784030000.0,764527000.0,772589000.0,813656000.0,830092000.0,855026000.0,884140000.0,926506000.0,975771000.0,1076893000.0,1173329000.0,1173684000.0,1248118000.0,1347930000.0
06063,"Plumas, CA",2.0,Population (persons),19935.0,19820.0,19560.0,19161.0,18972.0,18856.0,19191.0,19260.0,19491.0,19793.0,19761.0,19965.0,19433.0,19120.0,18834.0
06063,"Plumas, CA",3.0,Per capita personal income (dollars),39409.0,39558.0,39086.0,40321.0,42887.0,44023.0,44553.0,45906.0,47535.0,49299.0,54496.0,58769.0,60396.0,65278.0,71569.0
06065,"Riverside, CA",1.0,Personal income (dollars),68136070000.0,72179702000.0,73771301000.0,76069949000.0,79630223000.0,84597340000.0,88997439000.0,92451456000.0,96994918000.0,103647288000.0,115415017000.0,126651219000.0,127575613000.0,133563233000.0,142697421000.0
06065,"Riverside, CA",2.0,Population (persons),2199892.0,2225473.0,2245681.0,2264308.0,2286762.0,2309475.0,2336394.0,2364473.0,2387939.0,2403591.0,2424663.0,2455225.0,2479628.0,2503549.0,2529933.0
06065,"Riverside, CA",3.0,Per capita personal income (dollars),30972.0,32433.0,32850.0,33595.0,34822.0,36631.0,38092.0,39100.0,40619.0,43122.0,47600.0,51584.0,51449.0,53350.0,56404.0
06067,"Sacramento, CA",1.0,Personal income (dollars),54432590000.0,56971040000.0,58911556000.0,60921536000.0,64560357000.0,69100516000.0,71627441000.0,74690008000.0,78526608000.0,82829648000.0,91355811000.0,98181711000.0,99000141000.0,104260801000.0,112291560000.0
06067,"Sacramento, CA",2.0,Population (persons),1422042.0,1437021.0,1450783.0,1465896.0,1486089.0,1507458.0,1527967.0,1547198.0,1561413.0,1576171.0,1586727.0,1588824.0,1588743.0,1594506.0,1611231.0
06067,"Sacramento, CA",3.0,Per capita personal income (dollars),38278.0,39645.0,40607.0,41559.0,43443.0,45839.0,46878.0,48274.0,50292.0,52551.0,57575.0,61795.0,62314.0,65388.0,69693.0
06069,"San Benito, CA",1.0,Personal income (dollars),1995967000.0,2073624000.0,2150991000.0,2257136000.0,2344649000.0,2574650000.0,2751653000.0,2936976000.0,3094215000.0,3418981000.0,3913642000.0,4162157000.0,4226425000.0,4444976000.0,4838868000.0
06069,"San Benito, CA",2.0,Population (persons),55554.0,56144.0,56794.0,57450.0,58061.0,58486.0,59520.0,60480.0,61745.0,63173.0,64533.0,66703.0,67715.0,68341.0,69159.0
06069,"San Benito, CA",3.0,Per capita personal income (dollars),35928.0,36934.0,37874.0,39289.0,40383.0,44022.0,46231.0,48561.0,50113.0,54121.0,60646.0,62398.0,62415.0,65041.0,69967.0
06071,"San Bernardino, CA",1.0,Personal income (dollars),60067589000.0,63385754000.0,64760552000.0,66327570000.0,69951380000.0,74258677000.0,77453102000.0,80031472000.0,83514331000.0,89202022000.0,99003275000.0,109157423000.0,108075879000.0,111575931000.0,119551968000.0
06071,"San Bernardino, CA",2.0,Population (persons),2040648.0,2059818.0,2071687.0,2080078.0,2095700.0,2111085.0,2126834.0,2145333.0,2160491.0,2171521.0,2183526.0,2190877.0,2196029.0,2200805.0,2214281.0
06071,"San Bernardino, CA",3.0,Per capita personal income (dollars),29436.0,30773.0,31260.0,31887.0,33379.0,35176.0,36417.0,37305.0,38655.0,41078.0,45341.0,49824.0,49214.0,50698.0,53991.0
06073,"San Diego, CA",1.0,Personal income (dollars),136161972000.0,144475867000.0,151092176000.0,155648494000.0,164691400000.0,174081824000.0,180838809000.0,187630531000.0,194949226000.0,204627597000.0,222761986000.0,240062927000.0,246463680000.0,262611416000.0,278127534000.0
06073,"San Diego, CA",2.0,Population (persons),3102369.0,3132770.0,3167098.0,3199163.0,3234108.0,3262051.0,3283104.0,3293086.0,3302976.0,3297378.0,3301182.0,3274244.0,3283755.0,3285890.0,3298799.0
06073,"San Diego, CA",3.0,Per capita personal income (dollars),43890.0,46118.0,47707.0,48653.0,50923.0,53366.0,55082.0,56977.0,59022.0,62058.0,67479.0,73319.0,75055.0,79921.0,84312.0
06075,"San Francisco, CA",1.0,Personal income (dollars),60634263000.0,65202071000.0,71831160000.0,73391437000.0,81851860000.0,89619269000.0,96454751000.0,103185030000.0,111996017000.0,112277739000.0,119725318000.0,130747503000.0,125186977000.0,132976966000.0,141918003000.0
06075,"San Francisco, CA",2.0,Population (persons),805604.0,816119.0,829730.0,840802.0,852366.0,865025.0,873473.0,879941.0,882486.0,881976.0,874826.0,815498.0,814176.0,819151.0,827526.0
06075,"San Francisco, CA",3.0,Per capita personal income (dollars),75266.0,79893.0,86572.0,87287.0,96029.0,103603.0,110427.0,117264.0,126910.0,127302.0,136856.0,160328.0,153759.0,162335.0,171497.0
06077,"San Joaquin, CA",1.0,Personal income (dollars),22406240000.0,22918431000.0,23605656000.0,24541217000.0,25983911000.0,27994154000.0,29427807000.0,30735741000.0,32261357000.0,34997298000.0,40306154000.0,44187154000.0,44932867000.0,46871534000.0,51428988000.0
06077,"San Joaquin, CA",2.0,Population (persons),687419.0,695787.0,702187.0,705793.0,716476.0,728317.0,740281.0,752124.0,762646.0,772845.0,780676.0,788096.0,795880.0,805909.0,816108.0
06077,"San Joaquin, CA",3.0,Per capita personal income (dollars),32595.0,32939.0,33617.0,34771.0,36266.0,38437.0,39752.0,40865.0,42302.0,45284.0,51630.0,56068.0,56457.0,58160.0,63017.0
06079,"San Luis Obispo, CA",1.0,Personal income (dollars),10809063000.0,11443277000.0,11971219000.0,12342485000.0,13091879000.0,13980423000.0,14406406000.0,15144287000.0,15708604000.0,16679450000.0,17812663000.0,19186225000.0,19494705000.0,20663641000.0,21860772000.0
06079,"San Luis Obispo, CA",2.0,Population (persons),269796.0,271038.0,274141.0,275666.0,278210.0,280062.0,281794.0,282368.0,283130.0,282594.0,281924.0,279468.0,282535.0,282007.0,281843.0
06079,"San Luis Obispo, CA",3.0,Per capita personal income (dollars),40064.0,42220.0,43668.0,44773.0,47058.0,49919.0,51124.0,53633.0,55482.0,59023.0,63182.0,68653.0,68999.0,73274.0,77564.0
06081,"San Mateo, CA",1.0,Personal income (dollars),52631124000.0,57392287000.0,63988582000.0,64197935000.0,68912173000.0,76041603000.0,79961246000.0,87958938000.0,95143957000.0,99156583000.0,107790429000.0,129020524000.0,118742219000.0,125587893000.0,133465215000.0
06081,"San Mateo, CA",2.0,Population (persons),720041.0,729410.0,740539.0,750343.0,759237.0,767435.0,770258.0,771360.0,771485.0,768257.0,762727.0,739330.0,732485.0,734267.0,742893.0
06081,"San Mateo, CA",3.0,Per capita personal income (dollars),73095.0,78683.0,86408.0,85558.0,90765.0,99085.0,103811.0,114031.0,123326.0,129067.0,141322.0,174510.0,162109.0,171038.0,179656.0
06083,"Santa Barbara, CA",1.0,Personal income (dollars),19159070000.0,20369091000.0,21509851000.0,21378868000.0,22648262000.0,24099747000.0,24476667000.0,25499526000.0,26706505000.0,27972670000.0,30969628000.0,33613226000.0,34927083000.0,37046666000.0,39270189000.0
06083,"Santa Barbara, CA",2.0,Population (persons),424291.0,425771.0,430298.0,435461.0,440173.0,443597.0,445953.0,447134.0,447567.0,448189.0,448083.0,437117.0,445286.0,443521.0,444500.0
06083,"Santa Barbara, CA",3.0,Per capita personal income (dollars),45155.0,47840.0,49988.0,49095.0,51453.0,54328.0,54886.0,57029.0,59670.0,62413.0,69116.0,76898.0,78437.0,83529.0,88347.0
06085,"Santa Clara, CA",1.0,Personal income (dollars),108733666000.0,119185630000.0,132084416000.0,134103796000.0,146464866000.0,161471908000.0,175007448000.0,190293049000.0,207881196000.0,218812289000.0,235337536000.0,272410237000.0,267278720000.0,283486355000.0,303627499000.0
06085,"Santa Clara, CA",2.0,Population (persons),1786576.0,1814769.0,1842795.0,1873543.0,1901084.0,1927838.0,1942556.0,1948968.0,1951006.0,1943736.0,1924802.0,1878320.0,1883653.0,1897137.0,1926325.0
06085,"Santa Clara, CA",3.0,Per capita personal income (dollars),60861.0,65675.0,71676.0,71578.0,77043.0,83758.0,90091.0,97638.0,106551.0,112573.0,122266.0,145029.0,141894.0,149429.0,157620.0
06087,"Santa Cruz, CA",1.0,Personal income (dollars),12854613000.0,13060271000.0,13782878000.0,14052964000.0,14653925000.0,15572810000.0,16070715000.0,17075441000.0,17767743000.0,18960307000.0,20914739000.0,23107862000.0,22022517000.0,23102260000.0,24556016000.0
06087,"Santa Cruz, CA",2.0,Population (persons),263175.0,264932.0,266401.0,268851.0,270882.0,273518.0,274504.0,274897.0,273749.0,272910.0,271768.0,260904.0,265851.0,263699.0,262406.0
06087,"Santa Cruz, CA",3.0,Per capita personal income (dollars),48844.0,49297.0,51737.0,52270.0,54097.0,56935.0,58545.0,62116.0,64905.0,69475.0,76958.0,88568.0,82838.0,87608.0,93580.0
06089,"Shasta, CA",1.0,Personal income (dollars),6117096000.0,6225086000.0,6339555000.0,6419867000.0,6826076000.0,7237895000.0,7447216000.0,7748179000.0,7976743000.0,8321824000.0,9329532000.0,9918584000.0,9872161000.0,10326269000.0,11187620000.0
06089,"Shasta, CA",2.0,Population (persons),177349.0,177972.0,178556.0,179383.0,180128.0,179896.0,180391.0,181490.0,182041.0,182308.0,182190.0,182243.0,180972.0,180656.0,181121.0
06089,"Shasta, CA",3.0,Per capita personal income (dollars),34492.0,34978.0,35505.0,35789.0,37896.0,40234.0,41284.0,42692.0,43818.0,45647.0,51208.0,54425.0,54551.0,57160.0,61769.0
06091,"Sierra, CA",1.0,Personal income (dollars),103119000.0,105608000.0,109907000.0,110659000.0,115118000.0,114905000.0,118828000.0,124641000.0,127577000.0,135185000.0,146501000.0,156405000.0,164011000.0,168028000.0,176519000.0
06091,"Sierra, CA",2.0,Population (persons),3228.0,3138.0,3136.0,3128.0,3104.0,3148.0,3144.0,3227.0,3209.0,3237.0,3229.0,3298.0,3215.0,3180.0,3113.0
06091,"Sierra, CA",3.0,Per capita personal income (dollars),31945.0,33655.0,35047.0,35377.0,37087.0,36501.0,37795.0,38624.0,39756.0,41762.0,45370.0,47424.0,51014.0,52839.0,56704.0
06093,"Siskiyou, CA",1.0,Personal income (dollars),1429911000.0,1486467000.0,1485396000.0,1501555000.0,1595843000.0,1727276000.0,1780504000.0,1828306000.0,1868074000.0,1921753000.0,2182398000.0,2333395000.0,2291157000.0,2365641000.0,2599367000.0
06093,"Siskiyou, CA",2.0,Population (persons),44958.0,44709.0,44248.0,43776.0,43652.0,43640.0,43837.0,44152.0,44198.0,44307.0,43999.0,44144.0,43746.0,42941.0,42498.0
06093,"Siskiyou, CA",3.0,Per capita personal income (dollars),31805.0,33248.0,33570.0,34301.0,36558.0,39580.0,40616.0,41409.0,42266.0,43374.0,49601.0,52859.0,52374.0,55090.0,61164.0
06095,"Solano, CA",1.0,Personal income (dollars),15593551000.0,16111580000.0,16405087000.0,17030120000.0,17772699000.0,19027697000.0,20112104000.0,20892491000.0,21899263000.0,23381119000.0,26552853000.0,26959778000.0,27390102000.0,28512267000.0,30830297000.0
06095,"Solano, CA",2.0,Population (persons),414115.0,417085.0,421014.0,425611.0,431556.0,436571.0,442637.0,447964.0,450949.0,453060.0,452887.0,450819.0,449724.0,451060.0,455101.0
06095,"Solano, CA",3.0,Per capita personal income (dollars),37655.0,38629.0,38966.0,40013.0,41183.0,43584.0,45437.0,46639.0,48563.0,51607.0,58630.0,59802.0,60904.0,63212.0,67744.0
06097,"Sonoma, CA",1.0,Personal income (dollars),20748776000.0,21654619000.0,22636604000.0,23447713000.0,24800332000.0,26783825000.0,27836308000.0,28988972000.0,30283557000.0,32341692000.0,35466237000.0,38011659000.0,38026852000.0,40300655000.0,43116855000.0
06097,"Sonoma, CA",2.0,Population (persons),484628.0,486997.0,489361.0,493259.0,497518.0,499611.0,501269.0,500840.0,495669.0,490579.0,488501.0,484561.0,483398.0,483366.0,485375.0
06097,"Sonoma, CA",3.0,Per capita personal income (dollars),42814.0,44466.0,46257.0,47536.0,49848.0,53609.0,55532.0,57881.0,61096.0,65926.0,72602.0,78446.0,78666.0,83375.0,88832.0
06099,"Stanislaus, CA",1.0,Personal income (dollars),16439145000.0,17014910000.0,17601548000.0,18017956000.0,19434810000.0,20836373000.0,21499589000.0,22172349000.0,22792301000.0,23976063000.0,26953234000.0,28983618000.0,28489025000.0,29276612000.0,31603234000.0
06099,"Stanislaus, CA",2.0,Population (persons),515199.0,517825.0,520895.0,524121.0,528870.0,534258.0,540539.0,546295.0,549905.0,552059.0,553710.0,552939.0,552410.0,553921.0,556972.0
06099,"Stanislaus, CA",3.0,Per capita personal income (dollars),31908.0,32858.0,33791.0,34377.0,36748.0,39001.0,39774.0,40587.0,41448.0,43430.0,48678.0,52417.0,51572.0,52853.0,56741.0
06101,"Sutter, CA",1.0,Personal income (dollars),3264715000.0,3347810000.0,3316694000.0,3479029000.0,3520557000.0,3786330000.0,3902972000.0,3966809000.0,4168235000.0,4374413000.0,4917284000.0,5314843000.0,5167456000.0,5322023000.0,5700248000.0
06101,"Sutter, CA",2.0,Population (persons),94818.0,94845.0,94835.0,95443.0,96010.0,96815.0,97664.0,98360.0,98849.0,99714.0,99479.0,99121.0,98682.0,98457.0,98545.0
06101,"Sutter, CA",3.0,Per capita personal income (dollars),34431.0,35298.0,34973.0,36451.0,36669.0,39109.0,39963.0,40329.0,42168.0,43870.0,49430.0,53620.0,52365.0,54054.0,57844.0
06103,"Tehama, CA",1.0,Personal income (dollars),1826560000.0,1901761000.0,1985538000.0,1997274000.0,2144884000.0,2261405000.0,2309054000.0,2454516000.0,2512451000.0,2648591000.0,2922467000.0,3148627000.0,3063422000.0,3234326000.0,3441782000.0
06103,"Tehama, CA",2.0,Population (persons),63590.0,63478.0,63467.0,63244.0,63276.0,63742.0,64173.0,64645.0,64835.0,66230.0,65690.0,65467.0,65269.0,64959.0,64451.0
06103,"Tehama, CA",3.0,Per capita personal income (dollars),28724.0,29959.0,31285.0,31580.0,33897.0,35477.0,35982.0,37969.0,38751.0,39991.0,44489.0,48095.0,46935.0,49790.0,53402.0
06105,"Trinity, CA",1.0,Personal income (dollars),385240000.0,386509000.0,384966000.0,391001000.0,418089000.0,445463000.0,450849000.0,459881000.0,482368000.0,500010000.0,535927000.0,577947000.0,572658000.0,603562000.0,659948000.0
06105,"Trinity, CA",2.0,Population (persons),13851.0,14167.0,14363.0,14681.0,14766.0,15120.0,15240.0,15526.0,15783.0,15908.0,16095.0,16102.0,15777.0,15684.0,15642.0
06105,"Trinity, CA",3.0,Per capita personal income (dollars),27813.0,27282.0,26803.0,26633.0,28314.0,29462.0,29583.0,29620.0,30563.0,31431.0,33298.0,35893.0,36297.0,38483.0,42191.0
06107,"Tulare, CA",1.0,Personal income (dollars),13340455000.0,14153502000.0,14166005000.0,14527758000.0,15981107000.0,16328948000.0,17149047000.0,17681249000.0,17824523000.0,18732496000.0,21601769000.0,23419634000.0,22793015000.0,23439844000.0,25675091000.0
06107,"Tulare, CA",2.0,Population (persons),443074.0,447313.0,450715.0,453832.0,456915.0,459335.0,462017.0,465582.0,468272.0,470229.0,473944.0,476939.0,478288.0,480747.0,483546.0
06107,"Tulare, CA",3.0,Per capita personal income (dollars),30109.0,31641.0,31430.0,32011.0,34976.0,35549.0,37118.0,37977.0,38064.0,39837.0,45579.0,49104.0,47655.0,48757.0,53098.0
06109,"Tuolumne, CA",1.0,Personal income (dollars),1908357000.0,1968693000.0,1991885000.0,1960445000.0,2070631000.0,2213043000.0,2301639000.0,2358873000.0,2411046000.0,2530898000.0,2747999000.0,2920031000.0,2890835000.0,3078775000.0,3320024000.0
06109,"Tuolumne, CA",2.0,Population (persons),55192.0,54948.0,54454.0,54339.0,54306.0,54188.0,54430.0,54767.0,55175.0,55327.0,55397.0,55126.0,53951.0,54123.0,53893.0
06109,"Tuolumne, CA",3.0,Per capita personal income (dollars),34577.0,35828.0,36579.0,36078.0,38129.0,40840.0,42286.0,43071.0,43698.0,45744.0,49606.0,52970.0,53583.0,56885.0,61604.0
06111,"Ventura, CA",1.0,Personal income (dollars),37914623000.0,39733578000.0,41338513000.0,41728534000.0,43769630000.0,45901737000.0,47265014000.0,48791042000.0,50711842000.0,53196126000.0,57156763000.0,62577492000.0,62171450000.0,64929868000.0,68971501000.0
06111,"Ventura, CA",2.0,Population (persons),825173.0,830053.0,833548.0,838106.0,842606.0,846209.0,847646.0,849106.0,848179.0,845277.0,843808.0,840009.0,835032.0,833071.0,835427.0
06111,"Ventura, CA",3.0,Per capita personal income (dollars),45947.0,47869.0,49593.0,49789.0,51946.0,54244.0,55760.0,57462.0,59789.0,62933.0,67737.0,74496.0,74454.0,77940.0,82558.0
06113,"Yolo, CA",1.0,Personal income (dollars),8033272000.0,8633908000.0,8872149000.0,9148342000.0,9678514000.0,10307702000.0,10654951000.0,10961869000.0,11304743000.0,11982281000.0,13019078000.0,14128918000.0,14242589000.0,14949143000.0,16002676000.0
06113,"Yolo, CA",2.0,Population (persons),200971.0,201480.0,203745.0,205093.0,206833.0,210102.0,213311.0,215851.0,217102.0,216678.0,217768.0,213545.0,223338.0,222919.0,225251.0
06113,"Yolo, CA",3.0,Per capita personal income (dollars),39972.0,42852.0,43545.0,44606.0,46794.0,49060.0,49950.0,50784.0,52071.0,55300.0,59784.0,66164.0,63771.0,67061.0,71044.0
06115,"Yuba, CA",1.0,Personal income (dollars),2270974000.0,2348702000.0,2380889000.0,2461991000.0,2544858000.0,2738968000.0,2853823000.0,2937225000.0,3108945000.0,3306197000.0,3734479000.0,4099652000.0,4131783000.0,4336290000.0,4788160000.0
06115,"Yuba, CA",2.0,Population (persons),72389.0,72702.0,73169.0,73658.0,74280.0,74969.0,76028.0,77860.0,78881.0,80188.0,82001.0,83035.0,84335.0,85695.0,87469.0
06115,"Yuba, CA",3.0,Per capita personal income (dollars),31372.0,32306.0,32540.0,33425.0,34260.0,36535.0,37536.0,37724.0,39413.0,41231.0,45542.0,49373.0,48993.0,50601.0,54741.0
